{"shawnmil": {"Department": "Computer Engineering", "UBIT": "shawnmil", "Name": "Shawn M Milligan", "Email": "shawnmil@buffalo.edu", "Title": "Student"}, "mywinnic": {"Department": "Computer Engineering", "UBIT": "mywinnic", "Name": "Matthew Y Winnick", "Email": "mywinnic@buffalo.edu", "Title": "Student"}, "sethkara": {"Department": "Computer Engineering", "UBIT": "sethkara", "Name": "Seth M Karas", "Email": "sethkara@buffalo.edu", "Title": "Student"}, "ndhutchi": {"Department": "Computer Engineering", "UBIT": "ndhutchi", "Name": "Nathaniel D Hutchings", "Email": "ndhutchi@buffalo.edu", "Title": "Student"}, "wjclark": {"Department": "Computer Engineering", "UBIT": "wjclark", "Name": "William J Clark", "Email": "wjclark@buffalo.edu", "Title": "Student"}, "emvane": {"Department": "Computer Engineering", "UBIT": "emvane", "Name": "Ethan M Vane", "Email": "emvane@buffalo.edu", "Title": "Student"}, "avachai": {"Department": "Computer Engineering", "UBIT": "avachai", "Name": "Ava Chai", "Email": "avachai@buffalo.edu", "Title": "Student"}, "dkim39": {"Department": "Computer Engineering", "UBIT": "dkim39", "Name": "Dongjun Kim", "Email": "dkim39@buffalo.edu", "Title": "Student"}, "adbooth": {"Department": "Computer Engineering", "UBIT": "adbooth", "Name": "Andrew D Booth", "Email": "adbooth@buffalo.edu", "Title": "Student"}, "arunanba": {"Department": "Computer Engineering", "UBIT": "arunanba", "Title": "Student", "Name": "Arunan Bala Krishnan", "Email": "arunanba@buffalo.edu"}, "seongsuk": {"Department": "Computer Engineering", "UBIT": "seongsuk", "Name": "Seongsu Kim", "Email": "seongsuk@buffalo.edu", "Title": "Student"}, "drewclar": {"Department": "Computer Engineering", "UBIT": "drewclar", "Name": "Drew Clark", "Email": "drewclar@buffalo.edu", "Title": "President, Theta Tau"}, "zhenrong": {"Department": "Computer Engineering", "UBIT": "zhenrong", "Title": "Student", "Name": "Zhen Rong Huang", "Email": "zhenrong@buffalo.edu"}, "nolanfos": {"Department": "Computer Engineering", "UBIT": "nolanfos", "Name": "Nolan Foster", "Email": "nolanfos@buffalo.edu", "Title": "Student"}, "radebort": {"Department": "Computer Engineering", "UBIT": "radebort", "Name": "Robert DeBortoli", "Email": "radebort@buffalo.edu", "Title": "Student"}, "benkim": {"Department": "Computer Engineering", "UBIT": "benkim", "Name": "Ben Kim", "Email": "benkim@buffalo.edu", "Title": "Student"}, "rshannon": {"Department": "Computer Engineering", "UBIT": "rshannon", "Name": "Robert Shannon", "Email": "rshannon@buffalo.edu", "Title": "Student"}, "sameepdh": {"Department": "Computer Engineering", "UBIT": "sameepdh", "Name": "Sameep Dhawan", "Email": "sameepdh@buffalo.edu", "Title": "Student"}, "kaysiej": {"Department": "Computer Engineering", "UBIT": "kaysiej", "Name": "Kayleigh J Siejak", "Email": "kaysiej@buffalo.edu", "Title": "Student"}, "tjschout": {"Department": "Computer Engineering", "UBIT": "tjschout", "Name": "Thomas J Schouten", "Email": "tjschout@buffalo.edu", "Title": "Student"}, "woosukch": {"Department": "Computer Engineering", "UBIT": "woosukch", "Name": "Woo Suk Choi", "Email": "woosukch@buffalo.edu", "Title": "Student"}, "khsu7": {"Department": "Computer Engineering", "UBIT": "khsu7", "Name": "Kai Hsiang Hsu", "Email": "khsu7@buffalo.edu", "Title": "Student"}, "tjsiejak": {"Department": "Computer Engineering", "UBIT": "tjsiejak", "Name": "Thomas J Siejak", "Email": "tjsiejak@buffalo.edu", "Title": "Student"}, "nacellin": {"Department": "Computer Engineering", "UBIT": "nacellin", "Name": "Nicholas A Cellino", "Email": "nacellin@buffalo.edu", "Title": "Student"}, "japeacoc": {"Department": "Computer Engineering", "UBIT": "japeacoc", "Name": "Joseph A Peacock", "Email": "japeacoc@buffalo.edu", "Title": "Student"}, "ledongya": {"Department": "Computer Engineering", "UBIT": "ledongya", "Title": "Student", "Name": "Ledong Yang", "Email": "ledongya@buffalo.edu"}, "wendyjan": {"Department": "Computer Engineering", "UBIT": "wendyjan", "Name": "Wendy Jansson", "Email": "wendyjan@buffalo.edu", "Title": "Student"}, "kevindug": {"Department": "Computer Engineering", "UBIT": "kevindug", "Name": "Kevin L Duggan", "Email": "kevindug@buffalo.edu", "Title": "Student"}, "alimahmo": {"Department": "Computer Engineering", "UBIT": "alimahmo", "Name": "Ali Mahmoud", "Email": "alimahmo@buffalo.edu", "Title": "Student"}, "mthoward": {"Department": "Computer Engineering", "UBIT": "mthoward", "Name": "Matthew T Howard", "Email": "mthoward@buffalo.edu", "Title": "Student"}, "ychen38": {"Department": "Computer Engineering", "UBIT": "ychen38", "Title": "Student", "Name": "Yi Chen", "Email": "ychen38@buffalo.edu"}, "baoxu": {"Department": "Computer Engineering", "UBIT": "baoxu", "Title": "Student", "Name": "Bao Xu", "Email": "baoxu@buffalo.edu"}, "kevinrat": {"Department": "Computer Engineering", "UBIT": "kevinrat", "Name": "Kevin J Rathbun", "Email": "kevinrat@buffalo.edu", "Title": "Student"}, "zbesmael": {"Department": "Computer Engineering", "UBIT": "zbesmael", "Name": "Zachary B Esmaelzada", "Email": "zbesmael@buffalo.edu", "Title": "Student"}, "mrathbun": {"Department": "Computer Engineering", "UBIT": "mrathbun", "Name": "Mitchell Rathbun", "Email": "mrathbun@buffalo.edu", "Title": "Student"}, "mrferris": {"Department": "Computer Engineering", "UBIT": "mrferris", "Name": "Michael R Ferris", "Email": "mrferris@buffalo.edu", "Title": "Student"}, "jacobrut": {"Department": "Computer Engineering", "UBIT": "jacobrut", "Name": "Jacob M Rutowski", "Email": "jacobrut@buffalo.edu", "Title": "Student"}, "korbengr": {"Department": "Computer Engineering", "UBIT": "korbengr", "Title": "Student", "Name": "Korben Michael Rome Grover", "Email": "korbengr@buffalo.edu"}, "avelalam": {"Department": "Computer Engineering", "UBIT": "avelalam", "Title": "Student", "Name": "Ashaab Alam", "Email": "avelalam@buffalo.edu"}}
